fname,lname,phone,email
Jennifer,Jackson,356-4780-91,Jennifer.Jackson@company.com
Brenda,Anderson,467-9326-03,Brenda.Anderson@company.com
Isaiah,Rose,071-7022-71,Isaiah.Rose@company.com
Brittany,Jordan,241-3146-67,Brittany.Jordan@company.com
Shirley,Obrien,463-1168-32,Shirley.Obrien@company.com
Tanner,Cook,339-5017-41,Tanner.Cook@company.com
Richard,Martinez,101-8919-84,Richard.Martinez@company.com
Scott,Russell,409-0132-99,Scott.Russell@company.com
Chris,Schultz,962-1157-16,Chris.Schultz@company.com
Thomas,Beard,323-1318-05,Thomas.Beard@company.com
Caitlyn,Howard,630-4882-53,Caitlyn.Howard@company.com
Emily,Montgomery,543-9553-46,Emily.Montgomery@company.com
Jesse,Perkins,582-0267-16,Jesse.Perkins@company.com
Angela,Parsons,298-2685-48,Angela.Parsons@company.com
Joseph,Blankenship,970-7316-60,Joseph.Blankenship@company.com
April,Rangel,294-0706-10,April.Rangel@company.com
Elizabeth,Raymond,709-1721-99,Elizabeth.Raymond@company.com
Samuel,Maldonado,556-5819-00,Samuel.Maldonado@company.com
Lindsey,Page,548-5442-12,Lindsey.Page@company.com
Daniel,Cross,709-8677-25,Daniel.Cross@company.com
David,Golden,766-4982-74,David.Golden@company.com
Diane,Cline,300-0412-69,Diane.Cline@company.com
Mandy,Turner,767-6240-72,Mandy.Turner@company.com
Joseph,Cannon,936-9227-99,Joseph.Cannon@company.com
Jill,White,420-8935-72,Jill.White@company.com
Julie,Pope,021-1884-79,Julie.Pope@company.com
Kara,Cruz,123-8981-96,Kara.Cruz@company.com
Julie,Thompson,117-4543-55,Julie.Thompson@company.com
Angel,Guzman,125-0029-09,Angel.Guzman@company.com
Christopher,Merritt,249-7128-96,Christopher.Merritt@company.com
Nathan,Weber,504-4790-46,Nathan.Weber@company.com
Robert,Mason,247-7794-50,Robert.Mason@company.com
Brenda,Jenkins,946-5467-12,Brenda.Jenkins@company.com
Samantha,Dixon,672-4832-04,Samantha.Dixon@company.com
John,Norman,666-9035-94,John.Norman@company.com
Jennifer,Holmes,392-9246-13,Jennifer.Holmes@company.com
Tiffany,Rivera,188-0482-02,Tiffany.Rivera@company.com
Edward,Gonzalez,157-1662-48,Edward.Gonzalez@company.com
Joshua,Austin,708-2918-48,Joshua.Austin@company.com
John,Wells,802-5410-19,John.Wells@company.com
Amy,Vang,765-0454-67,Amy.Vang@company.com
Kelly,Harper,226-2934-45,Kelly.Harper@company.com
Scott,Williams,728-2402-00,Scott.Williams@company.com
Juan,Diaz,854-9127-48,Juan.Diaz@company.com
Nicholas,Robbins,903-5793-39,Nicholas.Robbins@company.com
Julie,Smith,846-9717-31,Julie.Smith@company.com
Raymond,Edwards,976-1606-36,Raymond.Edwards@company.com
Kara,Reed,006-3181-53,Kara.Reed@company.com
Lori,Wyatt,489-0261-82,Lori.Wyatt@company.com
Daniel,George,976-8289-36,Daniel.George@company.com
Dustin,Moss,175-5943-40,Dustin.Moss@company.com
Paul,Kirby,853-8206-70,Paul.Kirby@company.com
Mary,Watts,311-5489-94,Mary.Watts@company.com
Kimberly,Willis,316-4035-85,Kimberly.Willis@company.com
Randy,Davis,804-3070-43,Randy.Davis@company.com
Kevin,Anderson,195-1530-40,Kevin.Anderson@company.com
Joanna,Martin,511-1300-56,Joanna.Martin@company.com
Melissa,Barnes,876-1362-88,Melissa.Barnes@company.com
Alec,Williams,406-6258-91,Alec.Williams@company.com
Jessica,Cook,229-6020-74,Jessica.Cook@company.com
Christina,Rowland,592-7775-33,Christina.Rowland@company.com
Renee,Jennings,001-6313-15,Renee.Jennings@company.com
Michael,Garcia,703-9430-70,Michael.Garcia@company.com
Alexis,Jackson,646-2593-10,Alexis.Jackson@company.com
Janice,Miller,501-0634-41,Janice.Miller@company.com
Michael,Johnson,936-2590-56,Michael.Johnson@company.com
Mark,Harris,342-7707-69,Mark.Harris@company.com
Charles,Bennett,909-6467-83,Charles.Bennett@company.com
Jennifer,Wood,795-0534-46,Jennifer.Wood@company.com
Luke,Baker,706-2826-06,Luke.Baker@company.com
Charles,Ferguson,446-8752-83,Charles.Ferguson@company.com
Tyler,Ross,781-8769-47,Tyler.Ross@company.com
Mark,Delacruz,936-5808-41,Mark.Delacruz@company.com
Amber,Hodge,640-2274-67,Amber.Hodge@company.com
Stephanie,York,748-7293-73,Stephanie.York@company.com
Catherine,Riley,163-6659-99,Catherine.Riley@company.com
Brian,Martin,731-0088-76,Brian.Martin@company.com
Dustin,Hall,429-9187-41,Dustin.Hall@company.com
Timothy,Clark,263-7137-46,Timothy.Clark@company.com
Clinton,Perez,723-4200-74,Clinton.Perez@company.com
Bailey,Strong,785-8665-62,Bailey.Strong@company.com
Sean,Garrison,625-6477-50,Sean.Garrison@company.com
Claudia,Murray,096-5841-08,Claudia.Murray@company.com
Angela,Reed,510-2249-30,Angela.Reed@company.com
Heather,Patterson,183-9734-03,Heather.Patterson@company.com
Steven,Boyer,920-1368-70,Steven.Boyer@company.com
Jordan,Andrews,916-8682-71,Jordan.Andrews@company.com
Michael,Brown,682-2976-63,Michael.Brown@company.com
Christine,Schultz,096-5611-34,Christine.Schultz@company.com
Laura,Mcdonald,562-2848-76,Laura.Mcdonald@company.com
Tracy,Chavez,312-0706-63,Tracy.Chavez@company.com
Steven,Klein,936-6960-28,Steven.Klein@company.com
Teresa,Kirby,438-7924-86,Teresa.Kirby@company.com
Kevin,Williams,520-3028-08,Kevin.Williams@company.com
Juan,Fisher,830-4866-06,Juan.Fisher@company.com
William,Wilcox,869-4072-20,William.Wilcox@company.com
Joshua,Harris,575-3235-06,Joshua.Harris@company.com
Patricia,Pena,289-0064-36,Patricia.Pena@company.com
Cheryl,Henry,921-1026-92,Cheryl.Henry@company.com
Aaron,Hughes,268-6655-21,Aaron.Hughes@company.com
